Study_Hours,Attendance,Prev_Score,Target
500.0,85.49579175574135,5.04362499948775,1
17.21142890255866,-99.0,3.430271333085906,1
13.711903068982481,41.327413091739835,5.457773369371392,2
11.578535747152586,59.41661314897247,4.867304970380362,2
4.496298247078984,69.31859142427994,7.062723838410056,2
4.495912325379242,86.22444506846759,6.634675496716142,2
2.9293377946911914,80.9977225963903,5.18756236918524,0
15.858818332398963,66.7541623826049,4.30735532552994,1
11.61784018789134,56.41759997689995,8.92821579693355,1
13.329161244736728,99.82747000946267,5.724009727176689,1
2.329351908732839,65.57087813415838,7.1296454146814225,0
17.518557634591907,67.08322145978053,3.8433178054701647,1
15.319082252806748,49.81742927150015,5.913538197956386,1
5.3974257708524185,87.68857292499575,3.165220319216793,0
4.90919947531361,81.62093354688932,6.0327307074627,0
4.934472157654941,53.24617676732562,8.784104442706214,0
6.867875887352604,44.94286273695056,5.305240277914802,0
10.396102906115805,80.82995812448279,3.2339760754494695,1
8.911120298273852,79.27067285686812,3.1857347455160614,0
6.659666243168671,56.395571619892564,5.327920559681217,0
11.789646315558072,97.05181373502462,3.9601496187791643,1
4.231901770432669,49.06347350685401,3.1401125779691155,0
6.6743143765634905,65.94008806255611,7.537281683701061,0
7.861789492699067,96.61695521005593,5.751138053291344,1
9.297119747472575,65.18363901556734,4.735468631835927,1
14.562815382288218,78.31155685984513,8.400499098098884,1
5.194780514533756,63.855663877767654,3.6968337612031537,0
10.227751014617786,56.452912140920205,8.735512973731915,1
11.47863310179268,99.0386588775897,4.883800304264117,1
2.7432066035199636,64.56004037890258,8.330422033852088,0
11.720717630423014,93.64595222074806,6.617657258876769,1
4.7283859789966645,53.79727635346517,7.9602441584489245,0
3.0408254877644723,52.786282241505,8.904078979262785,0
17.18216859605333,41.86804497307068,4.730432626912474,1
17.45011252919295,79.10000952255311,8.766812912445559,2
14.934357569863378,62.11158062342567,5.336891369414522,1
6.873820306773931,91.86149499037822,5.313071428421534,1
3.562753824102142,68.39259440149343,5.042322625527034,0
12.94772842419451,98.09160567488331,6.248445644085511,1
9.04243989983362,51.13153094218727,3.9248702590709224,0
3.952611757516461,92.11739007733664,6.322268912148067,0
9.922830561780323,86.59581116750451,6.250228874460024,1
2.5502163378434943,86.25531067864313,7.57141087562922,0
16.54912643326051,90.68699368701326,8.001899771625514,2
6.140479705600271,85.66143945657993,5.642648101874544,0
12.600356549663712,77.57321929788492,4.813999496108963,1
6.987377217430575,47.87469266094325,4.556009383902567,0
10.321088338844973,41.95157076947511,4.167743020229231,0
10.747364469492474,95.2508708689412,3.3458854931941495,1
4.957671288408433,76.99901887124429,5.05468787300828,0
17.513354044232937,87.79223745857058,4.6214861527846995,2
14.402125173777833,68.891341090753,8.798504315198445,1
17.031983065027028,47.038491337743665,6.346252957500264,1
16.317237606842383,47.511147532153025,5.083662234183045,1
11.566399660977362,81.13391723373829,6.4828056059621755,1
16.74998776036987,65.81835369396777,3.8351802080741733,1
3.415880032830712,52.0314836020202,5.664262495213217,0
5.135725798706323,69.49567280448622,6.757405928526383,0
2.723636622568609,43.85253622450804,5.933386990754708,0
7.2052852922122295,74.91828411486392,5.410672803925945,0
8.218836635031712,56.13960426610586,8.963090333398188,1
6.341584508382335,87.85354603823129,8.281888572893562,1
15.25980014643087,58.621717535414426,6.74043574895664,1
7.7080532270974285,67.31320894490807,6.416264167093697,1
6.494952154998092,40.697232394486036,6.723962878947504,0
10.683137330531975,44.34681326767353,4.207872646934599,0
4.254787599596202,63.549613384401084,5.370826459585912,0
14.835151692064635,68.79633008302741,3.236757197345396,1
3.192810298876333,76.00123288715822,5.85327622492096,0
17.790190985608277,57.499754722558194,6.258147503745979,1
14.355916308746519,81.69891316759255,4.366498416619257,1
5.1794509045467585,91.60734383135227,8.784173082993082,1
2.0883538739776384,86.791059333601,8.456727665623452,0
15.047382855277347,42.37712952090143,7.332859412735435,1
13.309717501561874,68.83041683546973,6.2003197725921755,1
13.664114688655797,46.29581070509049,8.21981495788611,1
14.340325546975132,54.522700951751645,3.7839140629407773,1
3.1847144277454458,99.19975559602878,7.74305876564931,0
7.735451656708362,48.5497325740908,3.74892488380109,0
3.8539049524020754,69.93328920708137,7.765263975296433,0
15.809654814009496,77.08934405908715,4.654605409508141,1
11.972770029240927,82.14789823264624,8.262543486109134,1
7.294368397642387,73.57892100921484,8.664252562952388,1
3.016933604576378,40.58625084515102,3.892775816430694,0
6.975717147450595,59.58767849463951,5.7760536303923615,0
7.202933152427953,71.06269860308268,8.885924268976112,1
13.673698853409025,45.27198994869,5.90044461583888,1
12.20091954168341,61.037615872550845,8.181285135087272,1
16.195403881221225,41.99218652748199,6.5323891327879196,1
9.555438802591189,44.71470982930124,5.251979447517611,0
3.9135079350128272,63.815396572095764,4.714701333155221,0
13.41191659556792,47.96294524258362,4.219338546516523,1
14.172560777870359,74.05245089569348,7.570789148266183,1
10.98043516111194,81.36789814823595,5.319243040938167,1
14.335474879272976,88.03520194654497,6.067652773204507,1
9.900729541830252,52.009014654688606,5.953952880007091,1
10.363725270111905,50.04895493554419,6.463674175398787,1
8.840656293736794,46.274070420064014,8.193462873747313,1
2.406706027905523,78.1858149726182,8.884436061500576,0
3.726262831892871,82.38854358921407,5.445505251442902,0
2.502866970987748,41.89516868953852,7.965113532637819,0
12.182566580220486,96.17273477462139,7.587166767928306,1
7.029695697221227,43.118277019088346,6.441173708733439,0
10.137131058635244,72.47778011806423,8.736282861671599,1
16.52106358281749,82.54363116705498,4.2028470931704165,1
5.988675666381999,92.25814742476513,3.6555852618577287,0
8.566126768570076,82.84521592794567,8.123771801732532,1
14.088818216688779,88.10368498418751,5.63489889980249,1
5.660770647865959,60.367011552568364,8.081813125242363,0
3.231678557260688,88.88950682479074,8.35854123117249,0
6.636023246620288,44.806890783080505,3.3747455617144286,0
4.579540596064071,93.68899936363167,8.300788577916364,1
16.87516243748117,72.85554256922418,5.689914332216533,1
,89.03786619774962,6.062594934025393,1
12.134460104166775,67.139097071098,6.759555066559262,1
15.943369443003483,78.6146617117915,8.558295640380521,2
14.858753230385831,71.58415965616679,3.1146965665785844,1
4.985120942176573,83.89537130531991,5.861060809906903,0
16.280943975839644,44.897798921835374,7.126332254583364,1
10.629475870650412,43.62112503943383,7.336241746189371,1
14.919042482625,54.82619404060878,7.155194589222647,1
16.337460798775894,49.5726808067913,3.806610776448731,1
7.088055599549822,92.3070139955321,4.796373530230087,1
3.760830792442828,53.15283924148266,5.1522931525020805,0
5.646962600671067,98.55191534914788,7.82662324607703,1
,60.213747506266415,4.672559234487318,0
15.08823625475989,50.927074941321955,4.264229783203219,1
15.771689332101495,87.38191042854875,8.744688114228577,2
2.1112340884990513,79.52246653005257,3.0531797106808134,0
10.171956841241052,69.89174298718834,8.98692513409187,1
8.678576050380464,73.32181305625787,7.060927793144374,1
5.553724967531684,83.15210669633584,7.970815796694702,1
3.917845877338925,53.70728447987793,4.767716378077159,0
7.401842742458047,99.78003496340452,3.08589166600236,0
17.086555262600307,98.487589728807,7.42721711136918,2
7.171246912332084,,8.004867582004055,1
10.300649947893858,51.972547055748706,7.442856791721114,1
13.248303342322846,80.81369454587748,3.8571017238050316,1
7.818073638068704,44.33190453875055,7.520567533541815,0
17.54851332353537,41.839150132348365,7.613536692645846,1
17.39915671907378,55.46097331067282,6.951243094020329,1
6.0285167332058265,67.75737740435898,7.596695596773517,0
9.955976094278167,92.09635032450282,8.075528638066393,1
6.814052957068315,83.63014418597848,6.681624685424751,1
6.557447910039482,84.56239127199886,3.5316282838180744,0
2.5901911576725247,65.52960006688451,5.925766858003265,0
11.75302934367835,,3.46589600802963,1
10.042864371661784,62.262325779076164,5.445258186194585,1
2.8236600199998296,99.25897382416346,5.442638934753766,0
6.458343427785783,42.406551484748945,3.3960590648414497,0
16.53225417546646,92.02188976734692,5.092923203816876,1
5.832990250671559,74.7205245143436,3.665988592747889,0
4.3183179534595695,66.31692515137543,7.849411260055333,0
9.831244164441008,83.51545962490819,8.686128155786825,1
17.770407265769613,69.20013648548218,3.4338988515476316,1
5.872884344184007,92.40539428489964,8.730691243750208,1
12.754168758494057,94.04211184067552,6.135459596020471,1
14.185913845259481,65.30325561240733,4.797394067723244,1
5.802200703878395,56.60966783410309,3.461172451656981,0
13.651461577789753,75.54101971560173,6.003745608422507,1
7.884530123508052,94.74180073700145,7.767093266944492,1
12.116893289497272,52.63973134033999,7.242518863600189,1
12.136475372174315,77.37799501380897,3.301356068783843,1
10.572394945196136,77.89361320555123,3.437411012207421,1
3.444636320870533,83.98678134491686,5.417239695795823,0
15.364839929427808,47.894061107635586,4.771742964287659,1
7.132481039547773,82.94949788092532,4.394305938336287,0
4.984296166397668,94.54195123993847,4.686026993452281,0
2.6524022648762227,50.78098653221452,7.8208964597813075,0
11.454287091011869,54.25259949543266,8.575368321791125,1
12.841029789476519,98.28370564249838,5.4306161671653985,1
2.2654052628456984,50.85861716256939,8.436666012794984,0
10.193488932788496,91.26310560217475,4.9289742074872915,1
,69.53667138688209,5.85862191806275,0
12.322764646551198,54.833864464190626,4.356173986895998,1
,92.24499407635068,6.842856253055064,0
13.055003809639455,66.71831530015993,8.873886691048853,1
8.187765540808599,70.8890412357814,6.620958576260271,1
16.98767981978775,61.55400216398594,5.146884504681293,1
4.200335106335892,75.57705108609565,6.88690467594317,0
7.457061616804136,49.81143235510137,3.7375240707923254,0
3.815576339849425,63.46489219910564,8.331954481592392,0
16.795097892457004,98.16473934011725,6.018503704679018,2
16.037429654095696,55.48800596206765,5.696098452237853,1
6.12706604344249,79.40419987247753,6.515188730721115,0
12.559744736546865,59.511403853481696,6.748703176736415,1
15.075555203219453,86.40838754119605,3.430654837359078,1
10.883212985591397,47.85241964310099,7.095703327340415,1
10.474409253696104,98.18926270471269,4.451590081893178,1
5.869636654407227,67.22737248301836,7.283715795039539,0
3.4896442848943874,54.16302780078784,7.9352087663051805,0
16.35545212725323,44.409804839800756,7.823751045315122,1
16.406688914613287,50.18547430525244,6.315005804447335,1
12.129623316372287,71.18643691336106,6.121019353864507,1
7.424476656779211,60.22019058587718,3.8572557680364703,0
7.587353193802574,89.73300195295657,7.6520769024188136,1
13.61529086192383,65.85325141970836,4.628456282680286,1
16.353764159241234,54.92285635525779,5.980172536907679,1
16.193382788241877,77.0286991962418,4.7056445575651,1
14.478008733721982,82.40663301312675,3.8029701779981586,1
12.272506338468604,,6.77734618135042,1
3.3462394399207813,50.05715297729906,3.325992208937423,0
4.58605942551382,42.20028561601258,7.4918714047572,0
16.376867016433266,84.18412090393844,4.9055207715666995,1
11.702864954553439,79.8282716573083,3.0008081580269117,1
2.1471528258660744,68.47785254498883,6.066774835423379,0
3.6235446858565137,90.65022693815183,3.2811114511656188,0
12.616028305728893,88.34020917700319,4.657017346925397,1
2.080985341539499,75.12126186380513,7.241858924734297,0
4.5729288226799785,92.09627683079552,3.3761377297311954,0
10.779740629865378,52.350472602206096,8.036030954136013,1
13.070323163083092,46.71517716386367,3.0229195359514986,1
12.431380152041609,56.18497669101937,4.480943215211413,1
5.588308951368957,43.42521136535889,7.445424336912429,0
13.394867541560574,71.87017168006193,4.897620898375841,1
5.795985399948801,96.19634153769769,3.6113543283960814,0
7.206395170548284,42.36061244011058,5.1614035128025675,0
13.943862481888386,47.32659484060161,4.622359718307154,1
12.394126384755435,67.13194169700611,8.05627141296333,1
15.587574567906847,96.0325010516743,4.880087505510859,1
12.521806276805494,58.96936629860503,7.733594830656044,1
11.092937653367546,70.43408852130355,8.351232868864408,1
3.4987962852494796,42.494371543023526,5.602904517459177,0
7.883452848950936,48.90059205772533,8.459658863126352,1
6.243237882907607,99.19780737753081,5.263908323779157,1
5.903834294065337,97.90712178616273,8.78447049894065,1
17.56816887603913,40.29639885606458,3.5357371471534376,1
8.289563594668167,97.10870712539435,7.122115599019456,1
16.272744882833813,78.34719626893002,5.962884242741572,1
12.098218015956206,92.07509767120132,5.325892832733882,1
14.716980856666375,67.28439133803155,6.796271272491605,1
10.042193489683074,70.93576171475502,7.223142549805987,1
11.230462154021746,69.3307948154152,3.0261796179018545,1
9.880283101101822,80.01185545276627,4.001718532483192,1
5.123887804768712,48.379075285378775,7.278276303805912,0
13.559233844184085,41.798415392360674,6.998312481469239,1
6.492357799053693,58.47579649547146,8.796285030772063,0
2.3890554629032614,82.2808457641988,7.566226741504698,0
12.327556734514685,52.1112071273769,8.704636246388027,1
4.833770870512783,80.40594599949503,7.215243009208842,0
17.04733734964663,98.19472276643623,4.788313251836659,2
17.262857232041398,45.6340429473651,3.632189533505139,1
16.637830243527176,80.35612709350758,7.690943180069613,2
7.92253920408711,66.62501315827427,6.8648953288554955,1
2.247305864461879,92.08853526265032,3.2891160743597774,0
16.853097001403604,50.628987366843155,5.16030279540587,1
8.85094637307703,81.55755713356987,8.740798892905717,1
17.46647710469871,90.28691737888661,6.002406874261207,2
17.417919633428046,96.6768531684414,5.596374816118228,2
15.648151287477761,80.99488169737876,5.746197630955764,1
6.711182273113371,69.83048584050565,4.253296344030982,0
8.161563657630804,77.07083441207283,5.212243025188771,1
15.61818674426971,92.1342990687231,5.21887953592306,1
7.070752082500443,74.23658479832977,3.314130121124834,0
4.71188394697748,41.82322358181021,7.60540577110751,0
10.908820199333602,95.85692173041866,5.499026591423274,1
16.978476386572495,81.37160506189366,7.93307932089854,2
13.136476746799568,80.59080314663478,8.102088006719372,1
11.12097872142984,52.94050914386303,4.271964328191949,1
3.5548239003322966,79.53312821395943,6.944120893020772,0
11.840115627186716,63.63186433924951,5.83369082497789,1
17.840861601668212,79.07397862248953,8.280940427528911,2
4.2413442437843845,46.39558181847944,4.294444075058725,0
10.293274437819788,79.47071827618217,7.0668792018602655,1
16.03796915084729,99.96482354623998,6.646512733516335,2
13.852297884067271,42.892722331633365,4.771808865430996,1
13.152251855924288,98.63045105327905,3.8196054219070357,1
13.239745343793748,64.41447764337224,6.909838562863659,1
7.751858419516083,92.24520702023554,7.431584748793984,1
6.697469508231894,86.94312904349641,4.8937640625801,0
14.949778487656218,74.02097565920008,6.868995624133882,1
,84.30695255507959,5.37078544566902,1
15.87315709728166,92.71093367808086,7.279241299695706,2
16.61184884090354,64.24841929906198,4.195291649364319,1
10.181478381775005,59.62198969379432,8.341290015817046,1
10.024260714995194,80.05560313381508,4.724457578793478,1
14.772722863468402,88.47075651647552,5.206715926536917,1
12.399422892444242,85.73710808659695,3.3485517124820987,1
13.231470036123254,87.86881893151806,3.6690732739276584,1
14.732682710977617,66.13499888877598,6.095171416273969,1
16.24008546908106,89.0700529705013,4.605556060367829,1
7.407922509624573,47.212543322236506,8.012881354453167,0
8.009327242239104,72.66934587765098,3.088160331929723,0
3.503711037453904,40.34551962988729,5.274564292031617,0
11.252482255938784,59.47514979401622,5.024073280614556,1
2.5750763807478734,61.98769209228387,3.1159657855056064,0
9.449568290119363,63.770361496555324,3.7462103940030613,0
10.682314155321226,81.72803240139173,5.481856049511812,1
,63.31348607622074,5.957187506684679,0
11.453332169104172,66.92161735735183,5.425738483529215,1
2.488003999024791,54.252647852459646,6.185626070472563,0
2.5975710199874307,62.39510749776041,6.570790049434089,0
15.161608970554532,53.63617763578909,3.059542926767014,1
7.763050262580206,44.39175542610662,5.784570956721023,0
4.0329682024301565,76.20691560288267,8.78099544532553,0
10.35589216087687,80.09276791330097,6.1141936807772925,1
14.319896849577773,77.16942076057687,7.065253604753719,1
5.453136439949491,67.80964262803434,4.871183147501299,0
11.966247613104004,62.78714681075379,7.643948268916575,1
3.365559439900288,91.80001897430952,7.63752889125669,0
,71.14490710817309,6.127776285924834,0
10.501674105090368,68.75091265778386,8.856082939675282,1
10.650161945761704,41.53852394838614,3.75330128857592,0
12.198878423971305,60.474869657569386,3.101685989337486,1
13.617461339562585,62.811737127151424,7.620949270542576,1
17.613633271400552,63.92936685381403,7.842933224189295,2
10.260805572819125,74.81034215363994,3.7212433747234575,1
7.167303567059935,72.0161528036127,4.593496997751636,0
14.722979116299259,76.47430556760668,3.1053141801997732,1
6.3333160201931875,85.8929956925277,4.759851664683389,0
9.023542731290178,88.7791443229656,7.638851243512029,1
3.2553021014762553,83.08738457358967,6.107763166275474,0
2.40561189464732,97.33142175729608,5.0885735590097285,0
17.4023746348468,41.0939549605817,5.230435769437982,1
15.375681928195293,51.74667914101276,3.0081217542928087,1
13.135587297499168,40.45377249868853,4.798803165391416,1
8.543247110628318,78.84848284927618,6.878752449827583,1
4.772709121133532,93.88183293699922,8.845166662898142,1
4.502992682737377,54.608937794577955,8.082364961903398,0
,95.6220726877784,3.1415697878731748,0
10.787626635297928,43.61604341737365,8.391363628049035,1
13.433534763200997,96.06616160833086,7.699190479791755,1
12.5631580274837,61.09736123437806,7.682256741425882,1
6.478942351135085,46.08524970695299,5.747974554021429,0
17.277844490611105,69.15230555117954,5.388031757727017,1
13.806350667132296,55.40659406323048,4.817494372999156,1
10.869664840182411,57.092374117715366,3.3941691537261947,1
11.787531939749636,58.43739789557719,4.369412180962195,1
8.713600998844639,88.1815538699598,4.4796218098681475,1
5.963695832018519,72.34967660051527,5.904462418261209,0
7.695562858420185,58.67846194936022,7.484666439580164,1
14.125537767429906,76.6200269986551,5.842858970387679,1
2.230295818076094,82.96904045339161,3.3470666966829636,0
3.8571622481106598,56.35744004401202,8.746738805929223,0
2.736042272348044,64.8129460915211,8.656345914564675,0
2.651660837103522,47.313165600216855,7.71113725889045,0
15.687369344176116,50.86896097208082,8.947967409385324,1
13.258525750080379,80.86707123789897,6.266893996801578,1
9.586781265397203,50.88630086173762,8.776610101519235,1
3.5653465704160237,71.50980302002361,3.4536302437005046,0
9.865854001869318,82.54277570334597,5.194084489568228,1
9.575548332489051,46.41261538568463,4.352287608040595,0
4.771229918560243,74.03873317773422,4.17499850480562,0
8.941626387807569,55.393767022081825,3.8448176933560565,0
8.376075750357975,97.77561251425479,6.73448184939598,1
11.853601568835463,69.01273880319548,7.68793113448383,1
12.1614984138823,88.35955298650948,6.469790396522164,1
2.7248641563527123,73.0135925293757,3.881776257529258,0
7.9938018340235395,42.60475197128915,7.866742619600825,0
12.013758651427782,77.98908253564134,6.815728242982371,1
10.050180137281403,97.08420053239942,5.328994236761973,1
15.703837459013156,76.09670920877987,7.0447817732163776,1
12.53909810590312,89.15133156560742,4.559429875456997,1
4.606950833302875,93.05238780090447,5.0711532509652635,0
3.1290999584068775,53.68478631693595,8.50491505879194,0
12.27870845130105,52.7226903944936,4.743027034028522,1
2.424180968665949,76.6588593310595,5.81992960894762,0
11.372409300375413,64.66170818840229,8.340846824376088,1
17.04368386279932,90.39167817200322,7.246328101605165,2
11.207586846014063,94.00138740388067,3.3732193569882165,1
8.21071881930435,61.20528275816309,3.8838182656738223,0
12.29261149507765,54.21223353846892,3.047049544631501,1
9.332046247864266,86.83153091463171,6.785530741374981,1
10.729868629054959,56.48836213288817,5.68604055246251,1
17.063436940424403,89.3568591108207,3.805649105413653,1
8.177642204812388,65.42429521892578,8.747604726340622,1
17.379049021182627,80.05299395748823,6.177958343673719,2
16.48561027129702,45.73211883008009,4.451359764677335,1
5.132658156628743,77.43155948059439,6.0036214269282455,0
3.1097808140026473,67.10606072423374,7.077721996410647,0
3.6124480220388264,75.19650779052844,3.457435307841387,0
2.2915492104247956,50.0808524646918,4.648222890287352,0
3.5110873720948543,84.21242469665093,7.841792945303961,0
12.92810837466171,91.7678246525937,5.757989222415968,1
3.139018375363664,53.00438800544654,6.279462852193769,0
7.103610084700181,45.7428733312097,5.596896013256815,0
15.518004975511273,41.41831516278018,3.2633996558580307,1
2.372350971773214,78.51829002659596,3.9944986789209356,0
15.031495721422973,76.42564216532685,5.673249832451345,1
6.509676396374399,72.8018447628442,4.255112792447567,0
3.8906372419465,53.916825766958524,3.2998741719580726,0
13.14779464582641,63.45435975433088,8.061897984310942,1
12.063085548478144,75.66858011117039,8.887155174984695,1
16.039552216432845,69.80601153155015,7.758857243980437,1
13.761136700862172,99.26713121289325,8.122709530228002,1
14.855694886157577,48.18638515340399,4.451862781902272,1
6.512553161140904,81.70867324285562,8.763761853079199,1
4.839032700475565,64.25912608625752,4.1815542267205705,0
14.009836026253733,65.69197689553688,8.708578862170993,1
14.909355828276224,83.05586593949057,8.968915763795707,2
17.84808227201077,81.54616907946217,7.270336834476293,2
8.601882830582824,99.4753596221313,8.886862390750931,1
7.952289372684531,47.703657367247516,6.417238677402622,0
14.42260737187195,46.246578963049984,4.557250699056542,1
7.4528566440482855,83.46032902772447,5.621975313993725,1
16.892117209657037,74.70321502038455,6.5613656122727155,1
15.734604029488189,56.44963999358835,3.43848937216209,1
8.863904438000294,44.765162139339196,6.734059587703476,0
14.013937084663958,45.13949497578583,8.887067020573767,1
14.072685985354918,93.6514524798471,4.140645898702366,1
3.6499819013749217,51.512039483124575,7.7555706977303,0
16.440846506873065,59.40229372693125,8.447392762677715,1
10.084037959165714,53.59938413361928,8.662209556921326,1
15.223319457723866,61.29977834991624,8.760813626432682,1
7.120793616489788,44.1654305647656,6.128757832328832,0
16.328371655939208,71.14358745449621,8.863847447949022,2
8.22722685974661,44.05675381553289,7.543861242806633,0
2.1734024236847738,88.0213904693417,3.9700286174217716,0
16.48611162270822,54.02272491462598,5.86140063880782,1
3.460586828578137,72.40071487627063,7.309987052232024,0
7.109018201446638,92.80474525368749,4.4840418949145,0
17.20099147281288,79.05264214283164,6.843691101293324,2
17.209714351000898,71.97746719308012,6.999602874279716,2
11.175006209972578,59.460025186922536,3.9761984628513956,1
12.109395394716788,59.98011478349187,6.3905118747165375,1
9.175128351653116,80.1692173118914,7.629761465871646,1
6.6913723471690325,,5.9933739872156515,1
7.258632725918655,79.71035139096271,3.0726187006566446,0
12.760295297232615,73.46700504220149,3.054230814475753,1
14.03799247100288,,5.142176063820073,1
14.665264699613576,67.91233673702308,8.557164410590692,1
14.633890284712862,43.60854055604711,4.372060677621652,1
3.459297648779046,73.73780895267458,6.806182133230123,0
9.910724875241304,97.45751707032281,4.332455224159924,1
2.9209401602663085,50.51817654145958,4.930019937957292,0
10.792462117179769,81.40029344923994,8.088252537608904,1
9.064488021974032,52.05602131954339,7.373168653619681,1
16.203266924132798,72.14966106838487,3.5723956638792638,1
7.614640200833259,45.800586978803175,5.572212125918602,0
3.873072262841694,67.02225617549111,3.175018581871587,0
4.287866912845374,85.36979973371476,5.885340879618054,0
14.184170107479556,60.85429145433892,6.974604070206409,1
11.891489013060177,79.89470346923308,3.711015741588909,1
3.617962817964644,87.72699764738375,4.733309633454994,0
3.345708897839959,95.63066916876716,5.387019753012941,0
13.21550610334592,54.078524911327214,8.517186147936298,1
3.1642081018270964,63.958954948558485,8.959530092537785,0
15.1497609486457,49.14496079982504,3.2694677939736954,1
13.29987563450394,99.5490101295025,7.566047540972352,1
3.3015804902703962,95.62005807545772,5.23034439841406,0
3.3574034253630707,72.39742781683358,5.35474911737688,0
17.786233256018807,90.52199766258528,7.525589840082136,2
7.988332732097925,71.25747863632253,8.510558592872453,1
7.930274353070255,77.41514128016559,8.70557156701529,1
15.004793076120041,45.34746592696099,6.462735516229925,1
17.155977238141737,85.31622522980848,5.142726955803017,1
17.776017021165934,47.66280901811409,7.725294515152676,1
14.054050964143066,89.5640578151517,4.506008299573802,1
8.020153368494652,86.92168526022316,6.384444173001107,1
,82.52468186457858,5.151470769149239,0
14.434350654838989,42.169622831485725,6.939786442247256,1
10.93446799577288,58.187701356719714,4.442393477361041,1
8.78755214795162,55.78675419465057,4.149557674408955,0
16.501670161515776,61.60818444829114,8.509434520052622,2
3.7791597168984215,45.25856480583031,3.6108220976972216,0
9.882001668653746,96.21746938186376,6.03574744640959,1
2.181658316278705,73.22813444274257,4.3251166977780535,0
9.49857027190602,,3.2335797799540047,0
2.9008524109093976,63.818891024457,3.216112909748558,0
3.9010866602891507,66.83215243029014,4.051330632634964,0
3.880419948433678,76.03566000163704,8.200622127036002,0
12.387364833857017,70.94076566178987,4.6948724638621595,1
13.936718068246773,95.16351839286504,8.702755023451775,2
11.333900241554554,69.81780897434982,6.489733757935161,1
17.394760775592673,99.52948088939877,5.6196851386125966,2
7.997929272379265,91.08549746470575,6.480533008016728,1
6.571393380509772,52.51063086144015,6.100190311357607,0
15.897586051031364,95.83571287863498,7.552657522543951,2
5.577533416311242,46.98198387312856,4.694976395837114,0
17.41156063104978,89.04698250947149,5.118302349601814,2
2.1944715950370615,62.837397608594806,8.364565815199505,0
17.518061227322224,92.67845922670418,8.678739078902433,2
2.690558591209218,92.08340140644702,8.355349364918847,0
16.258289819169136,88.35552400705727,5.516687963743881,1
10.443217745380798,87.40182617842368,7.68219301804129,1
17.887436737908807,58.280748345882444,5.858014399806593,1
3.180745035766382,44.85515698307513,5.985239112876613,0
10.861668550421133,64.17881072590968,4.228080654343704,1
17.508840569905583,50.41147089919052,6.546781819551098,1
10.369565506722381,81.69706533414771,4.116815386520088,1
12.0703782101642,60.76598359226713,4.989388194403163,1
13.131979023753875,98.53661205159489,8.130181209719611,1
9.272657036284372,,4.242454855265131,1
12.040929281345015,89.34883381806165,3.4269497110405966,1
11.349028990769604,47.95148036451091,3.414045555676898,1
16.418528167855825,91.72086893635736,8.644707123018648,2
2.727142085463326,95.36543143080365,6.041522627771007,0
6.495411033475685,69.22371512913615,5.45647243090211,0
17.20658374522494,76.37517626505866,7.865271486047511,2
16.24422054225466,85.88858805417973,8.014955567463096,2
9.290508044571407,50.49031763562475,4.993146198693628,0
11.922121564824588,70.15396458780654,7.161708344842771,1
6.438098927698123,63.919781666338785,7.6267368951113195,0
5.009938555580181,48.782439529734944,6.927904121195727,0
9.419174479039714,62.05206533749188,3.9095704488005962,0
7.653635648416845,44.09033856312961,8.255298501102342,0
11.338497789613953,41.54871441696922,6.234567316416053,1
3.2437541914397574,48.109977349289366,4.694834558220022,0
17.590316922658666,97.78690669535044,5.551369112626164,2
17.779371911673646,72.97177215370101,3.2254265423934445,1
13.170587424315922,97.94932966919319,3.7672008073345054,1
,65.94987269980791,7.593280503095166,1
6.952441860581244,58.70896798511558,3.0000698085321966,0
15.020720315311179,70.36851177041464,5.4993949708937535,1
12.955698760862068,66.3707013179746,6.135061086513531,1
4.601871029518261,46.33988105570464,3.3278065200058338,0
16.57483495190148,78.44957888141238,8.838468977833998,2
15.160595886770704,52.96229095057598,4.356751987498032,1
17.196798612670783,77.17527729386978,4.825192317817685,1
13.61151213421376,79.01206554388921,4.823655073530164,1
11.814643134972638,49.12149118771889,4.3824999727041,1
8.691888580649902,43.680977626640086,3.0088429325178687,0
16.923655733664212,86.84569516410639,7.376068764527978,2
15.857022232006534,67.5880254261592,8.801072998795712,2
2.7234987216990305,43.48982773032855,4.34576089971027,0
2.421871591956032,99.69197903018602,6.978283150820534,0
8.023413870048794,43.466833659782,7.451377961752291,0
14.968853292509326,81.7021137315132,8.090552274543148,1
17.796418069039113,,5.535775182081655,2
4.406670257656451,54.350806252955536,4.817585433842575,0
11.506091445634162,48.53496212123177,4.951770804138187,1
8.094253706096344,47.283096365345735,7.275727998591077,0
17.51863036503365,58.196508854055736,7.900676799033816,2
15.473902770171339,46.0627486606388,4.089683806539616,1
15.413259275378206,81.52968050164792,5.225646048946591,1
9.499090556719525,43.73750788780376,8.4116411804949,1
8.637112037402643,70.56532768898738,7.840161118168435,1
6.3745131508913,99.8018112311786,8.909150416574855,1
2.902007946414834,88.83821617036114,7.5254895580924845,0
15.835558020080851,76.91316629386066,5.359171206167534,1
15.006416146081241,58.3752172471967,6.543827003967826,1
17.99548277257809,77.43375017749831,6.966085525483922,2
17.946189393182486,71.6224878346991,3.4707348979027435,1
10.88690728964204,65.56500303342229,6.26698175462319,1
14.303798642888168,47.84262260441197,7.2559249708356575,1
17.11625167811885,93.196252914428,4.003927824006363,1
15.594358250838583,66.98707892927935,7.683790304553343,1
,51.6773507092459,6.50263668308467,0
9.208706164961496,62.06556105263738,8.713330714185567,1
4.06655064242392,64.84778515173562,3.25453378924135,0
17.264816436139558,89.65227373401245,4.591956825332802,1
11.69879415121408,84.01686283368412,6.609323275798944,1
5.6582848880554035,86.15829361848039,4.779359473235584,0
12.747210950493708,40.661875865718834,7.2865449844274535,1
11.890051847326333,64.96923989078569,7.554031695131586,1
7.730603488525448,68.88064909811942,3.6150957843988465,0
3.8169214751940643,41.1515366093834,6.083126785240607,0
12.745171129484794,55.58879252470206,6.053343333546335,1
10.324923214460693,85.6173893873281,5.215684621293247,1
14.35709426777023,48.22658234373994,8.597549175418033,1
10.322616017791894,72.11860788715549,7.965037919239327,1
15.634904005096642,52.91211232103425,7.183256291457821,1
10.830509420391769,40.727246478633596,7.285959814409985,1
10.97500754456618,54.472087455972485,5.770296862878714,1
16.026457642533522,98.55242529460322,8.525967126579456,2
8.455725859398353,88.09222671297937,7.1675725635197125,1
4.144243655210252,97.574598659262,7.373886369934898,0
2.4605228210134236,69.27124263558174,8.170145422724072,0
14.082196090777904,46.584171920650206,4.644429536053146,1
11.924952821655435,72.87756933842158,7.842425423200218,1
13.265276289587577,67.26264007359765,4.1714436177389524,1
5.407426584142572,90.66142496437695,5.072051713469327,0
4.181943609388316,45.88495484705467,5.0136627256190565,0
2.232714650686111,69.29446822130669,8.871152810334843,0
7.609400940905552,49.00291988163906,8.139223342487561,0
11.43868298967413,59.480555613403595,7.207019169541558,1
8.275904721595717,84.24142464326798,7.362340569692341,1
8.999598752379665,68.561087762126,6.372436766415427,1
16.466539111899976,62.553297108746165,8.682544002651115,2
7.5720874723728055,63.66857671420212,5.9775525172941695,0
10.223831826556973,67.5668061043592,5.283106259219367,1
14.53844820385829,87.10099263022342,3.9782120215895462,1
8.344684517140323,93.52508133641406,7.717233913566348,1
11.953387203645976,97.3200811902357,7.406663592453548,1
15.797819339947923,87.2142031753177,5.3061302311448095,1
17.192329978522274,58.924413744880766,3.151160483755376,1
4.353175694864607,81.28808236519254,8.033983966308064,0
16.82540200258391,66.25618744332351,3.068507900724442,1
,55.28023732276307,7.222198677774306,1
6.131910212783334,90.45229476555537,8.821542658356343,1
9.346172099812181,42.3055809377395,5.625967968889221,0
17.680521204567633,94.1057195281254,4.409840429975716,2
9.881889503885914,67.68864787748404,7.22922606026029,1
7.260025764600131,78.23208860849682,7.90276885209351,1
12.134413669067612,79.56123533234697,6.278581896467084,1
5.842329900451089,93.70706444239218,8.802211651536878,1
3.2138132497386227,78.20018093003245,3.3100123299477664,0
4.062075550570388,76.8360150856037,6.028773589827169,0
4.048733423324359,43.999122433641396,7.310723683935301,0
4.43044309619671,71.10448131671225,8.175842826895074,0
4.221234762390562,49.010140049022496,4.07553367144674,0
12.253995916851434,84.24602612328914,7.800020890582088,1
4.910081350386317,70.73331524876048,6.316242454311272,0
7.530676533181811,80.8136667525012,5.3793220919397795,1
16.348614558496187,42.50037403614306,3.7902901714745614,1
9.583386244205958,45.087520962748194,8.191774553453474,1
12.680923816336435,82.97940328376094,3.9436392490782923,1
4.757117939226077,44.325060159920405,4.858727155254595,0
5.076624300938732,44.27540366591552,4.740273191774621,0
2.653897860263662,40.72650851409325,8.228484205145126,0
4.702961009154633,97.39008389796881,7.036217965253388,0
6.457445424511338,84.25050156754043,7.780088383148234,1
4.832167748427949,61.19508451012385,4.502807392754994,0
3.41924054011289,57.792134877259315,6.749244597641994,0
3.930173937609613,,6.430475898862492,0
9.372460288523612,86.47921187087091,7.996982260729626,1
5.30133949449268,79.68223666422486,8.436522362887564,1
7.828317776769207,51.11173407204808,3.0729406288643206,0
10.05467633367771,50.44656012004506,7.044119514352756,1
13.046317258069845,45.90373898280384,3.311014794718374,1
2.628994237457583,79.61816318208028,6.2931519904641355,0
14.790566382544682,85.86235973330416,4.725796374262069,1
12.046406231854524,55.90278569950024,4.840659597132847,1
3.3081445111819505,41.256697661854766,5.11775102071414,0
15.977257985708436,44.93030004858564,6.72775469429766,1
16.73395840850901,98.07160209070183,5.004299794012615,2
2.97724735767782,57.72668664864521,7.396194303541682,0
6.43004237035526,86.15338887028801,5.427164313443218,0
14.899220476688981,77.47981413125584,3.410119201859752,1
13.972155046138534,62.91637837917375,7.702559054904643,1
4.952336309702037,52.341235731733306,4.714549947556236,0
5.349589173387365,47.283185089564384,5.596601277595576,0
7.927553644662112,76.900778082332,7.112663299331409,1
9.752367763056341,86.47802683826728,4.994736942892272,1
11.892076344484735,78.63425521246785,3.3395139368802935,1
7.902618233116359,71.81812799494949,5.243526282076882,0
9.400555458130366,42.517073405898174,8.666691496165821,1
13.959535010140105,98.10932665566303,6.850406383791349,1
2.5869312462495664,87.92285149927447,7.028874892003241,0
6.038991109504332,57.56932220205788,6.793692921825839,0
13.413593374152839,98.79821976153104,4.1939528337566205,1
16.32330940299519,76.11289537817933,5.510003184613681,1
10.186839073850658,74.94535949243479,7.505638790179909,1
10.51381576424505,84.88439076577193,3.608237385318955,1
3.714752181436417,88.70618728540825,4.667116656538274,0
9.158597869175274,79.38871643989016,4.657914650795122,1
10.52187626328037,47.685744781972005,5.592113565567036,1
5.879528058155675,60.296050359669906,8.88221244565311,0
6.307891695190095,95.685018419563,3.4050152801029316,0
8.036546609673962,53.476936710631115,6.11220596628357,0
2.321139164443622,62.330021430250795,4.076188092073263,0
7.1532666493308525,65.92461297665176,8.824059272458465,1
5.383168111944714,66.36429938166714,3.679821028364785,0
7.239957634846634,76.77637494967152,5.421606014169548,0
3.9161941091080195,96.58455026468246,7.427309909007637,0
16.24843649183832,54.4415627099503,7.2273265681646714,1
11.497479256864779,47.290082578055085,5.536371821363593,1
12.865637106311834,51.848229391596234,5.07914500771631,1
14.626739817717413,93.21549401255618,5.385674271317224,1
9.975075182864916,78.74864875931236,4.585657578951835,1
3.390724609398779,57.15440735434961,4.231997632240799,0
10.593704669096764,88.95681633811704,5.89823818535334,1
11.389457888334066,91.68219978180616,4.611202536405644,1
13.92703158694928,90.79086032141669,4.724769989383501,1
8.90655273967487,95.13559201837327,6.940536380847343,1
4.04128484472902,55.134461210401696,8.811223990199354,0
6.5404144927795915,85.3025157247767,6.62182320335625,1
7.8093167423781615,67.6323698364484,3.4618768023897974,0
12.33467586130562,90.5199131734037,3.4535016831244016,1
11.13245287470259,83.70944062969679,8.708539325073396,1
7.69754761436554,86.58684678998347,4.783744741844002,1
17.784243980687677,79.36971026086428,3.5524019164948526,1
11.692397109710194,50.645726168182414,6.594267522902289,1
,72.70161513381629,6.741892669741596,0
3.62851956192646,99.0801843714705,6.891028920712129,0
4.445746226949312,96.24328398982713,4.604412167145248,0
5.93532365415213,42.5904241478207,3.09066410528685,0
4.570901972152891,49.888888943766226,8.790092216726832,0
4.985072384820892,47.903726407273716,4.505358274146615,0
6.561522699101554,83.55879459911773,7.056157728315285,1
4.773977524716077,89.0671197914167,7.239779219272258,0
16.348246794022803,52.81068197864032,6.660044502476914,1
3.2837399305862753,70.35116157710974,4.877444365281889,0
10.392182233124075,90.44218168067201,4.626577522584395,1
8.566349231834584,83.96809268597504,6.586009696216219,1
,72.5342323295109,8.196573801670148,2
,75.42086142752638,8.680402373540375,0
8.365689584731866,70.5016328149768,3.6354348264225456,0
17.5115269324059,57.85290707912924,3.928971675586319,1
15.848114014303684,73.90131957154097,8.668417552698479,2
15.073153135188479,81.33311812300545,7.419211370008755,1
6.126445232719037,92.39937495164847,8.297962948978638,1
4.734201398241053,78.1774812387549,4.215795804812059,0
12.698291518790896,85.66729222258948,6.525515226656411,1
16.870015826041374,49.60429809727438,7.206837566504841,1
10.908206288222877,67.6934484651874,7.080671312681836,1
11.145803031518398,40.559897189625595,5.4489101452001885,1
6.479665498564547,54.80073187129738,3.092369350147851,0
14.31188693107099,83.5877029067803,6.497556340825579,1
4.992699976920374,99.5085970809618,4.518609235077653,0
,45.95068597523296,5.701525476857342,0
8.806983017862668,64.0896589516773,8.745486090502904,1
10.12176605895128,88.00425812194956,5.3942119058546085,1
5.878555718641284,52.24213807773393,8.03880963998656,0
3.8373891958272566,73.30509695813717,4.131243634495506,0
11.769920679066121,83.98427776178049,7.034762988150173,1
6.618088851844092,76.95912701561073,8.862041726633661,1
11.299811542761796,51.28148407692497,3.611358605237621,1
4.469803444387237,61.323074121144366,3.049919653363152,0
9.69824162967708,87.02750706912383,5.6014967557956865,1
10.521430920825374,73.253590847921,3.555752898308203,1
2.8291765891588305,40.313776812574766,7.490306098057388,0
7.385668451102729,85.65944560168563,8.487291983091353,1
4.150634831023588,42.118681296414344,5.604125836252553,0
3.013999527564284,84.74402696387392,4.552269852932646,0
17.839363718239124,52.14883360991425,5.606419914039659,1
7.1576615195955675,97.48440880716282,7.340686907100006,1
14.957991133674158,62.07644507812507,3.054324969482226,1
6.074250476220222,59.615896980284745,6.536723936908183,0
12.904043555582868,48.93328301994668,6.679750109324274,1
14.163645758234985,58.33625292941289,6.826129481375613,1
11.530219849725508,92.59904570969204,4.452132479885263,1
9.545219016802534,99.78006025763483,7.28431634026876,1
8.589454626356297,62.098571830410904,3.5483489179906584,0
7.581892264687925,66.91663785727255,4.195622018800805,0
16.87246630796521,83.32425629216422,8.26482027992689,2
15.289910524603666,93.17174682790447,7.432338904359398,2
17.4404305706642,75.58266005120706,3.0824733240680713,1
3.9887555757687156,63.491541890669765,4.490257562218801,0
13.693879603258308,,4.286438897958988,1
17.013447309136605,81.73708878980841,4.6248379682218355,1
4.899729058650562,40.19309581625672,4.485358621679318,0
3.06394027786844,77.17536024759045,3.375157774457074,0
13.857930388640945,61.329580626481444,5.753643099580922,1
11.19156981087859,87.65183987662505,7.396400848716991,1
15.469260428132353,45.57943838938793,6.640390348304619,1
4.236358026020632,75.29213601690343,7.037230011588479,0
14.724276989758243,68.85837339316743,3.486895071217435,1
5.2260371207639125,78.53953155431364,8.708944261060722,1
4.618495085851272,43.8912156689781,8.03095100305815,0
4.628252766895887,74.79902724568788,7.8305419109739764,0
15.033195523702114,73.68907527757142,7.937902830250605,1
12.643155531139202,73.63960566497025,8.596263048796569,1
10.36904679630591,76.20925999578729,6.265523796682186,1
7.74128774597604,80.58807623358173,4.201692107205755,0
16.035208653009732,88.29933998084618,6.700701647115247,2
8.279121718762166,56.18924320769286,7.457288962007634,1
15.065591031545233,89.50296461080373,7.427504360124153,1
9.026158537123495,69.89534093580721,6.128694145001281,1
8.031110870798521,44.62349674805987,3.410752316001468,0
9.402876570713703,43.51305575463875,5.226677630580767,0
6.822045986626273,60.05429912176365,8.524599650780143,1
13.961750082820018,87.09381862668806,6.506693458544556,1
10.043526241479666,82.46085608445495,6.229991659534281,1
5.715403122349077,87.31689788034438,4.613121086293161,0
16.393193172393097,71.03614338649656,5.210693519499474,1
8.142259541971383,66.41193987732943,8.372076534919016,1
10.696845777823818,48.84715160237704,6.9987782851610145,1
16.50355377543275,59.69156521655869,7.724322160513998,1
11.987807934623874,66.04116197043251,5.726072538405931,1
3.870368651333825,45.31602578077703,6.7814833167369475,0
17.0373139778156,53.236717162672676,4.490301652459245,1
12.043328849142686,75.89351764382434,7.232764981700917,1
7.358489834513378,84.1397868543514,5.565608002220024,1
4.228353162614196,99.90085068357698,5.655273088888474,0
14.704403028324736,95.98679988061346,6.89593394746129,1
11.921164094856216,78.5539119721115,8.61768372881356,1
10.535377471621144,65.27488319764433,3.3840380796517255,1
16.302281328815322,78.17064188249395,7.948459424082046,2
14.617555379592492,87.13909708481393,4.7542986624731585,1
4.426798075724019,47.10017145540324,5.663516727038267,0
6.987553084728772,64.59429338177729,3.1314799726500535,0
5.975826237031452,90.38813713813704,4.806276467005878,0
13.903140681162832,63.02997711598264,6.015787455780783,1
2.53651895577247,74.31233627363119,3.3370564640846343,0
11.118234957941064,75.26616165173189,5.946574376298991,1
14.199338971851049,51.06857518801836,8.562663773150565,1
16.02825018818799,61.734126499137304,3.6323593086468313,1
7.473307979454519,60.07067732451593,7.586644368453026,1
15.140116874752206,41.571802511923885,5.458026320255955,1
3.7701077912833156,41.45150583348131,6.931042287146028,0
15.543236667752291,89.9018226205464,4.561419587911376,1
4.039818597311719,56.38424859836874,3.95695357524815,0
8.356596648965876,71.08472597432893,3.9627756856273586,0
14.756725852472858,57.92353441532639,3.4229516738588677,1
4.3986788375803805,96.44075470692043,4.113880229407458,0
5.668022323722264,55.55780553194643,6.985316309933809,0
13.55604109428906,65.7794087643361,8.290143671061049,1
13.52058458473719,92.36381502907611,7.884754113546971,1
12.258362126164757,90.51601400750852,7.110805859246905,1
13.1031751114736,51.16608507077664,3.662591180466616,1
10.683591093561539,88.15859858774263,4.7351246777756995,1
6.028784942511244,67.49121320427356,4.858841251934814,0
7.531135896062711,68.97813232512131,4.499741678385727,0
4.905563468822811,48.00879834495663,6.0900339582583385,0
16.53520898133805,44.836090825427476,6.213322889278036,1
11.334268716257927,83.6763584184259,5.141315851026661,1
8.413622668218238,69.78766914131799,5.122734952418616,0
9.392092858306123,,7.971333587436488,1
17.156533433789043,83.7704937191438,7.735757089918113,2
4.453622449857283,85.93077393946658,4.846774990084474,0
11.379677312268756,49.53449006016122,8.482730663239556,1
10.094218862151456,76.61350896865848,8.716890102015036,1
11.783267766954365,48.12124493666113,4.960455252180245,1
2.289762941133448,85.08250516174274,5.12654969275833,0
15.953982543106424,79.41730937602837,6.033804920531753,1
16.9138925197378,97.39687726500748,8.646724875202041,2
11.042130937427343,44.13748098138527,8.25791659885387,1
13.146413182030276,43.423283269075256,3.615407775501539,1
16.75999009883673,56.93122448159201,5.356384459628497,1
13.315818149014378,55.70234102415436,6.320227138498631,1
4.4406246866281815,54.81872794431999,6.01879483530924,0
11.22061376266901,94.3752748312622,4.163178407621356,1
11.707440742125694,54.972771990970365,8.152900627008929,1
8.786090740838176,,7.061644697981024,1
13.783107769995565,85.56389574507782,8.02745024911082,1
16.949872236304238,66.9843905470324,8.152585676096834,2
16.80909620650842,86.60263341731087,7.490135121994438,2
9.213429942466114,43.92196945386311,5.635263607498304,0
3.811808733452084,69.25427162040306,6.663280530092547,0
17.75745918339735,42.016816010996955,3.9621924367184587,1
15.422369383134946,43.75919220732127,7.041872504849446,1
3.9946028992522695,94.38624720066466,4.075519534435685,0
16.733470121877957,48.354722267055706,7.163697543060941,1
15.918341792994052,71.94524093651303,4.377588964523812,1
10.301408914017154,64.66573615604239,3.70530780090132,1
11.460406971918868,60.84059957553056,3.9917069408577444,1
8.384043261922084,93.99000074123634,3.011952811314422,1
2.8761862211525013,41.30940380652937,7.312437707121181,0
7.363155866334415,79.82738117053535,7.394406294350275,1
14.845655177568183,97.80366605281303,6.089600099479557,1
2.0741123680736457,73.61009100771051,3.968176806332302,0
7.335986747058307,96.20934772198551,3.5013260250641385,0
8.370699097455093,43.13547275716142,3.1147737986237223,0
10.598329647006766,65.12759914444968,3.9944890617913242,1
16.717689862604168,55.60946745772307,8.34513320989888,1
7.54153590985538,83.84925789884379,4.449221050210091,0
7.551251230339643,98.8778254298348,5.125627963303294,1
13.800019969755974,55.39180374665487,3.6320729068879993,1
9.235487054236915,79.25047608844446,4.334167828489022,1
5.593677167039711,51.88585796558441,6.1153474246812305,0
9.239032258123094,73.9198152742966,6.646516098573915,1
4.253712326076798,67.83594920130017,4.472113884997267,0
4.822191784099573,98.32031977789222,3.3463929553507032,0
9.973884363831676,76.51163636178799,5.346197214764392,1
8.702807192072767,60.97038232520913,4.405220225558005,0
16.6375344170896,46.845747093276,4.317323539378812,1
7.79830238586613,49.07480972409607,8.759176816280732,1
11.289413604448695,53.519015797074104,6.697802915554345,1
12.116228606712486,55.05799968041788,6.341270659032576,1
2.209511305413338,91.03696347046827,5.4946506211399315,0
12.61659795226737,73.6733672969515,5.573666000580865,1
4.848575469916023,71.40345468246198,6.245430023028485,0
17.37712507951128,46.88613231215305,7.178578842216643,1
4.378603644049807,91.6083816009661,7.212876577090976,0
8.63398597963238,83.36885819250902,4.030163446232697,1
3.3655946892583017,44.0601017140001,6.000676512459762,0
17.949988029535156,82.47010583378612,5.471748570204612,2
10.035120165299881,72.61229304055877,8.223161797616305,1
11.5261602771207,44.9035207448067,6.788513527310259,1
3.0732236382148397,67.49803849171938,6.195024398495891,0
13.999367526386845,69.08177722780282,3.6923678530735042,1
5.358489489529372,49.94647240979654,6.6338273359404685,0
16.36886863105142,96.74188882001694,3.7032234340814005,1
5.282234247712115,90.99852228883972,5.023239453394512,0
5.051003530618665,80.1413402397465,3.8570517888859914,0
2.584794685569518,67.73773366003644,7.1524418821462135,0
9.553071121759988,64.70593249507051,4.237512683016916,1
11.037458132201863,79.05840802905725,5.351156239128156,1
3.051338230853638,72.72591216441432,8.374048665712671,0
14.40844186712017,43.73638635291314,4.225898300393822,1
9.252621355968442,70.75015892621991,6.046830383752675,1
10.39024430924128,88.38421703397037,5.515629966996132,1
9.05220395101165,67.55439265581748,3.1087442462743784,0
8.412208974005216,43.117394653256106,7.756548681436877,0
,87.17669196304199,3.414275437887598,1
4.4838439348914,52.08182692815846,5.845530125861721,0
4.910850087924338,55.51725009328233,6.3640697696337,0
15.788569936216277,49.882381205937754,6.770558739687522,1
17.137847394138124,59.81290389228985,7.1317897758472535,1
7.972949060476047,85.4050903413181,4.519634301136291,1
6.33191477029686,71.16315157023624,3.0598726599506962,0
12.303992691824252,52.29287644904275,7.340661974129472,1
8.539746737569542,92.66980468912246,6.2139395960854715,1
2.406181690565518,92.77491129709175,8.016706219243492,0
4.498441557859046,,7.928330177404166,0
13.45555566155836,54.32777268289236,8.059957006727299,1
12.542783070562422,67.07436065085929,5.910567959877241,1
2.433535880055736,99.0993793684525,5.001770375021194,0
5.551554590927191,86.32074857859942,7.74934921554822,1
5.697196745409142,41.63004527353359,5.707764678175529,0
,43.91227547562952,4.1006531784206075,1
2.3153686040698265,67.83588260873996,8.129844117368846,0
3.6657373117531815,94.55321235169362,8.295359260634083,0
14.79865736597103,72.32210787716285,5.797858536841021,1
4.856714592869338,69.86875048205741,3.454198363858725,0
12.443937725629995,46.32842199739783,5.326956539501587,1
5.810924496747624,79.40680628345764,7.821225956775621,1
3.5910622841495226,89.32618963601354,8.410644171277372,0
5.890755055991265,62.825200450453735,4.220836454985575,0
13.556270909690546,86.53671105551965,3.401841672151629,1
15.691143489700572,97.8685992340487,8.264102718797032,2
15.283517833071866,52.22598754766135,5.3364296338732515,1
8.354936473895277,71.39977787168448,6.25056578560538,1
12.689362185130339,57.22827748507453,8.808394872304554,1
5.2797487266531355,87.57126514203037,3.3993883674853373,0
6.690363684176212,74.65560195286946,6.889908044712573,0
16.341373096337918,78.07494505301823,3.4446325354492027,1
2.2080307761717766,87.87484957695364,5.2528135707990025,0
3.3681364936714893,63.75822835974729,7.82288727116068,0
5.326180082336437,94.90540410442259,5.600833396533806,0
2.4245152619811154,71.9817320347684,8.983094123417702,0
4.902966961436757,49.47728937012088,6.354355709679613,0
11.328664975515075,81.75394709012815,4.926972915815721,1
8.742792809479967,87.59568102629527,4.320667955428519,1
16.282747377231598,59.0057006240516,5.103123205716971,1
15.079096987815054,91.43075541992518,5.235199642557305,1
7.4690776271660155,94.36859528594599,3.412282066343766,0
6.15077493490068,56.614269242668534,5.217445196560639,0
8.07507853067627,99.01128836291332,5.7854311184353495,1
11.444719080236924,48.442691682925506,7.336426513432828,1
6.28901825316602,52.1209401041494,6.940376908329648,0
11.986382525586144,51.053490354281564,7.252593931374926,1
8.550586435059847,93.63938260047223,3.0501820912611426,1
10.832754893631684,79.2575531394977,4.306004397483216,1
8.978024466165067,49.12625699333637,6.970105730399139,1
6.711452152670683,66.41940510210094,5.903936209078482,0
17.17525291139451,76.91788150418813,3.0318808540100757,1
14.217692706556173,45.007845099362996,7.826967854590934,1
4.241810812263241,92.94498210444033,7.636857439742024,0
15.895487614366605,88.21621212649211,6.290514977961376,1
9.798899171992218,70.31240641459829,3.3987799546576327,1
16.312835630305464,98.02759691555022,7.599090297195508,2
14.797684095157043,65.06565875650598,6.502281526388184,1
8.803416071507735,99.04661914218987,7.691759862947755,1
2.3595089331218784,80.07519992821761,7.5104819543750425,0
6.298837750159137,78.0802763952365,7.8180124317470225,1
10.66614743457387,49.9572937177471,6.108048398427749,1
12.135651517218356,92.91566549827864,3.84194710916109,1
6.126202966931237,65.6493812752369,7.026944840278132,0
,49.734004346948765,6.722842710311824,0
15.358883788788786,40.75645119854554,7.453519123194523,1
17.750434891256834,,4.019286036304412,1
10.411042916842973,71.64397732736057,4.1698511994017355,1
4.746868573572856,83.16121734214951,8.34245710331597,0
6.356917224309903,93.41548318106813,7.499866790712424,1
2.2942508247594677,44.76439507858177,8.449370932201937,0
16.628780904967982,83.88978942042175,7.552291926983524,2
3.884017326242258,51.244716645854936,6.582931835941811,0
11.224263608228057,91.49062318942984,6.924796422167242,1
6.384883530995296,89.14381083169937,8.334767543640059,1
10.866848040252695,72.44762529913265,6.472840527071643,1
12.422726213629828,82.61456791739869,6.794347945970324,1
15.275868859315226,58.861006791024906,3.9388602960216037,1
5.302740348169651,68.27007393596888,5.843527320696616,0
2.1759332585356876,89.2982138626283,7.298382671748594,0
4.190170081100916,67.55591183039283,4.6256561898981925,0
16.40029826956968,61.46789591952651,4.21352508314721,1
15.982241241000244,69.652746835018,4.882960849346493,1
11.558609634724933,89.6949551462331,4.4490037679570005,1
11.608269766938454,60.11248284225236,4.289475822218375,1
12.640586792740088,50.42569558814463,5.549105057208521,1
4.805940457975193,82.72084121984685,8.447031083301205,0
16.630591134799356,89.55869276248491,6.042357880432309,2
8.70032839827317,46.038248711412,4.127522284891938,0
8.13021645199196,54.39244676535668,3.4618300162852442,0
10.3026832845254,48.51831938565964,7.176936870827552,1
2.7514554684008807,60.87648469493,5.296792586618327,0
4.6605339000972705,67.02105873432475,7.930985679512156,0
13.808537862821927,84.92958021779839,6.957064611844621,1
3.3247786868020235,79.06885509290045,7.777448703248211,0
11.650433751462211,77.25571404870587,4.6316762365106925,1
5.925585754901135,61.142496796579266,7.1541535347663485,0
8.228729824671625,90.4868531850856,4.584371908162312,1
6.619099788331198,68.27723004388987,8.63441087670175,1
7.690763463439186,,6.818245689200246,1
13.504734482947928,78.04852829774421,4.947070801052052,1
6.7539474499708,47.57588449387016,4.617071173753636,0
11.062474244750355,80.57065372452604,4.145559510429861,1
9.616806435185595,,7.167845753362367,1
12.61873864580237,81.17963180116584,4.312293677987563,1
16.989275829196128,44.178468889744344,6.571819595564934,1
13.721153555364005,50.49288623055756,4.587810161552144,1
5.439046057452108,91.34423553434718,6.971813668763211,1
2.4989301609805548,53.63077342141089,7.889638371243235,0
6.196224708797201,90.22246751457641,7.668151458867919,1
11.521246891204077,56.75656530726462,7.5651079855846906,1
2.8228130157480056,78.57291460352246,4.126334434153512,0
9.941859955219781,81.64903441058986,3.530309681907112,1
11.549485582670227,70.75928518870317,7.193692970924314,1
7.347902253071373,58.31864060180388,5.210083282766108,0
14.33459525993315,52.75866258226577,5.594077358420083,1
3.705572050140349,41.991361273745575,3.1868945567603464,0
3.20220450777294,58.23678407444343,4.557458695650295,0
13.651020099257654,79.18976743187699,3.2020584232467844,1
9.927861059299175,96.29828910690895,8.275114635607487,1
13.014438342843777,92.27226893578313,4.460380099311183,1
8.95723741765994,85.96388659211816,6.344023017438048,1
5.942432531825709,87.30684059519791,3.2338759239667825,0
15.105637082787196,79.89909420855972,7.001084347833949,1
14.790654063503668,55.61721145396018,4.938164074524563,1
13.115143533670828,94.43170184234978,8.387515121745995,1
6.354322195679403,80.24393871435004,8.328709133604214,1
11.443690669905394,73.62643785882639,4.951743710170486,1
7.775582351040429,46.65936815280887,8.405765374142806,1
3.4653131732261464,66.82333262838553,8.976946040992672,0
16.677017207395885,67.62149627211558,7.952493984743688,2
4.1890980947033825,,8.069228086531375,0
17.20379766113284,72.79889321126731,4.494052416654539,1
9.136092367327292,62.824032938224576,6.460214393146538,1
,98.60801971063955,3.403535483804207,0
10.67041515805373,46.643235599578944,3.5695076209300183,0
15.967133374022533,65.35290569871668,8.993355672199744,2
13.715598182552979,42.52148051028432,4.959835496555465,1
14.904978365783196,84.39424724601582,7.4891034722930785,1
12.540533867371478,95.08459313194903,7.839990318160899,1
13.07642503228564,56.80223977302937,8.148139626043374,1
15.587130425045109,91.50050060794726,8.98576978441294,2
5.994688141746975,57.53309382771387,4.448978911541207,0
9.830799418290248,94.64620969863492,3.2421049611581982,1
5.539351069113636,85.23771421580705,5.467149107967516,0
17.802688127946354,88.29440661048632,3.7804840189736817,1
17.104949434985812,41.08039333602727,3.1345553349723305,1
2.6308289818960944,97.76862142444156,5.162560962848916,0
13.289202760251015,83.6002595242194,7.702429506451418,1
16.803973078650653,58.285065723168,6.397084147350425,1
4.8892055220373365,89.76367989153081,4.876667935262124,0
11.087123688842071,56.891271904895795,6.926052032956318,1
16.64781276140867,92.36523037396768,4.3921090818528645,1
2.5431356573727815,46.75482342471622,3.08628867643251,0
13.158724275949439,82.22115864764774,7.586120318618564,1
6.757584117960812,72.44190859869462,6.742458509184054,0
16.790339126024485,45.792068211726445,7.57381574700576,1
17.536931922645884,54.51362969553034,3.2336281001259937,1
17.108263825814944,40.744242176638885,8.022717766983913,1
9.58742746651942,68.12607792787034,6.7171572002178195,1
15.792682415829015,58.07591564560002,6.380372104275841,1
15.512790376561126,75.90144905786553,6.747684288687189,1
7.10560757189209,57.83426846251703,8.186599481210184,1
15.262647586410838,57.99514669041908,6.521619039353443,1
2.592122155447882,84.5915919238962,6.485702279329076,0
11.540318055712849,42.88857015870121,8.944074942394595,1
5.680141396603249,94.17369971151923,7.540381002411408,1
3.929070172436461,91.13583246347089,5.6537628327068115,0
3.2312512260673465,80.06828099358438,7.244382000197566,0
13.140620414050236,75.59329420644306,5.335382830150731,1
,93.53814988837914,4.373252774900994,1
13.596268344460183,51.11981077172287,6.581111261326557,1
3.045701452783078,44.73814973144972,8.56909258868371,0
7.044645405289765,54.370610194572286,8.574837120092777,1
10.631860678005395,87.67469672201142,5.051431668632942,1
14.651570637423417,42.080216003589,6.16606479733017,1
7.100040046913119,74.96841010500938,4.269815391419167,0
12.014262022992146,99.7262509714786,8.973786656993301,1
16.175643971778996,91.34176563025237,8.886707447207614,2
11.853811010916873,71.28674134261537,6.897053578244684,1
5.72735159605814,43.81845455719854,7.826484358064841,0
2.3904125049046083,89.88241086314258,7.290600967702201,0
15.921581982414878,75.93871049063263,6.558949314236809,1
2.340310573606194,46.89597982357401,3.320087981933386,0
15.99522676294719,45.63143708940137,5.728586055315967,1
10.462994144435392,94.57760916619554,7.048717813004464,1
17.025083176206337,80.15201577628471,7.065189683302108,2
14.780531772378646,89.75720795900534,5.238735710534302,1
17.9669457685334,92.73873401693604,8.650151919948183,2
7.611389047227362,74.30634112289934,4.004142193420686,0
14.27501262289803,71.04678110530247,6.002156677293364,1
8.430894617747875,65.8256446192594,7.145303859304937,1
9.678009924862542,59.01679526746716,7.182814835350856,1
12.040087411493921,66.07575765152271,6.891833740612894,1
,86.43277934380939,4.6517292807111605,1
17.74533550718872,76.11540586090788,3.937239412119732,1
14.292374621832291,93.55139739729077,6.815641960960265,1
8.68426851467734,,6.595812696836626,1
8.741712036433123,76.42537472312524,4.076136061735446,1
13.801316825422264,77.87845318551932,7.23083487342338,1
5.820434332292837,75.50182973837954,5.731031950401938,0
3.7675858101023145,82.15802638513098,7.006563549618917,0
7.673954522252425,54.246008102488375,8.024202478620904,1
6.595823866465308,70.74182665274743,4.0183705714615385,0
6.740929927295841,46.25348816850086,3.11486920798102,0
5.737724016798559,63.07067965868875,7.67461551837472,0
2.67349103418179,69.26002411727586,6.658184550915696,0
2.285982955734621,79.13345557272835,7.19783741773273,0
17.803558235776507,97.0318631551722,8.028929849931856,2
8.844370139773797,76.03906399290136,7.816865608947003,1
8.149226354554907,84.61563497059359,8.765520881572948,1
12.874356523089117,70.37596356971217,6.21561047311271,1
5.492062205841027,78.04624188257988,5.930973795959432,0
17.199378943203605,44.25593296802641,5.41132319934438,1
14.581520230648833,55.26349485051082,3.9221462570652275,1
3.430576036996152,61.711185592308325,6.435643397292134,0
8.681292412558854,68.34960130039082,4.662075145955873,0
16.065892920994635,42.738924730143026,8.527845073277852,1
17.115712356662563,48.401445853199064,6.499144825662586,1
9.478424179997916,56.60885846747834,6.557041083048661,1
11.814582227371323,98.29196145406304,5.12954796526206,1
4.672543137473204,59.88082042618305,3.311936111866245,0
17.858698018191625,68.92246348672495,3.1904625922379317,1
,,5.540010864919185,0
17.08370838616201,76.64680426454609,3.507392268583427,1
12.394346383877895,56.84099293095846,6.641081733240835,1
11.723788718061746,52.419554706305604,8.285838033837944,1
10.203016176264137,70.99435770675875,8.297488899112333,1
5.690716987484139,40.33034794962525,6.954272460793394,0
4.824448512088132,40.45984195895352,4.267390988837586,0
5.527779345122806,53.14412854611147,8.177980988153232,0
4.983012194308072,42.20328175004927,8.316560611879249,0
14.473351577068053,46.48154524784148,4.179921509717753,1
7.6020041466676815,60.331638960325094,7.424556514624063,1
2.925482825014342,88.15514077478878,4.7191172935627375,0
17.505642082252983,74.32291860215804,7.815841874117578,2
16.14057415941481,70.76006355738498,8.983427399421616,2
16.844036531123407,57.6093293924873,3.180156031976357,1
17.918525162342966,95.90522316596898,8.38419519474559,2
4.782323987511797,63.8209024742315,6.735783201591948,0
8.33987230244254,45.22556600774629,8.840295714988926,1
14.131815611265461,77.02399096706807,5.790057105158565,1
13.136329888860676,46.83030360859608,8.084327583428243,1
4.462334501437681,60.71338856810152,3.3743644115896636,0
15.053329999849884,70.44471632306853,5.011674300469775,1
5.591049149386571,92.45335148111054,3.40209922650726,0
5.581081837161969,69.61279482040712,8.852058800874424,0
10.591590766294617,82.13552596189986,7.90184344363102,1
11.48703895746725,99.56901033994421,8.115284527475822,1
11.281379325404979,47.8893471938789,8.627791388603365,1
3.463789398364078,56.48389153117117,3.510620916718712,0
16.039373802086086,63.674564535858785,5.31358555508,1
6.249600681419297,65.30969071232988,3.426209334264013,0
4.072238740524867,,4.264758609300172,0
16.219969277903637,94.4566601533933,4.376194662226034,1
17.290423971676056,82.84195866801139,5.814643266285472,2
15.79404187624721,76.47431284544223,4.611373004721855,1
14.95225719559805,58.562363071766924,3.6058686409065666,1
12.483871690224348,89.42742305327768,4.004946534564646,1
10.813717929746229,97.30363068909934,3.883653381312546,1
3.391788158582562,89.2718969530136,8.838460787473789,0
8.53525140913118,40.093906311488375,7.555755041510841,0
7.963016272197024,78.18408221100442,8.806568791617373,1
6.156060540165219,43.06812288652604,5.638442919047451,0
13.574721819017359,,4.670210889975939,1
9.934011761260333,,7.78975918325512,1
3.296739454522367,76.22772717696327,4.957523508246881,0
5.522931231196981,81.1953948095564,4.79630024223209,0
12.932140218553535,46.86925828395431,4.395035953246987,1
3.218093751844803,63.030332982698766,3.778073869345412,0
15.619310624780299,67.37419053733252,4.538778366100596,1
9.92234443222359,62.14318130565499,5.131918490843326,1
9.689385237226368,,7.0439652488743825,1
11.478524554552282,65.13686741124852,3.3753890533167095,1
15.194895454802387,85.07068286850509,4.263041637992058,1
7.564947326435089,44.26045987199533,7.854141841750058,0
12.848258440945017,44.810800844914205,3.881531541502625,1
11.051711423932657,61.28627751015905,5.05587087913513,1
6.272452322710741,96.5035426971355,8.18795353114884,1
16.05807978168253,80.11435880337484,3.929551866860656,1
14.75881634571085,80.7201974003539,3.4964210137091394,1
,61.715199450271896,5.907227970480065,1
15.60930766550787,75.6196474725123,4.814517067671218,1
15.876707215356838,40.6078710416646,6.380450186903125,1
13.333807627440557,78.16576278457254,7.822829342900851,1
15.392213253818753,94.7972168545742,3.822890928916459,1
13.159543386708538,76.75440810068915,6.48419450732571,1
12.882252348164807,92.42191560798071,6.033052562339184,1
11.897782051442949,83.43838332796562,3.8644727160791974,1
14.04346623292226,47.23350498422141,6.743990913173894,1
4.537681684689179,,4.64184250716463,0
16.093932147182855,43.986630661346496,5.927005911264075,1
15.949496443923712,72.03804835286583,3.4936339456623715,1
2.4679565285529463,48.52822742760746,5.757504343281738,0
15.213068009036203,40.70239664385424,4.838780808256922,1
4.061917879575123,65.32205560765834,7.934287267112126,0
7.36190166814627,57.702442459249376,3.3418723619842097,0
13.896132100665724,69.16002962785618,5.511643649509979,1
4.572158336772931,74.63199320407304,5.750588544788628,0
15.087472385904995,42.624344338536844,7.350036457794713,1
15.31414684732387,47.38019770742474,6.445725450541266,1
10.11948374017338,73.51854378702552,7.003274023165086,1
2.1021739474693373,60.59004119035949,7.662295713910536,0
6.5926101307986045,83.75040925296688,8.173217841949132,1
11.870830694011875,79.13749891551637,4.883252980334823,1
17.698978848438777,90.73626177939441,6.2281362321834175,2
12.109016432266694,81.54956960015352,8.0406484706352,1
6.156857297026557,65.79586464340889,8.936706785790339,1
12.144091249593782,80.37799734366595,8.337115866262579,1
10.639766075453688,56.52287045532511,5.2288035757462605,1
14.477526322418298,58.37880992669276,4.170999103311902,1
3.7116902212313345,87.3391095952476,5.936355224439533,0
14.176446440032448,66.78517098409493,7.449848711016253,1
10.660265258817764,87.90282043110115,5.955414424519786,1
17.407872061743916,89.3453424200967,5.899085179882011,2
7.469954656618977,91.45374025967703,8.029382526490803,1
12.12195029014317,94.99811415047245,5.168422674403118,1
16.91244968816028,65.85911323079777,8.158768048869874,2
3.640155647850868,59.13200909926833,5.440828805710341,0
16.995655795783218,74.93192479564684,4.9693986340700365,1
13.006171556813014,62.270345406257654,5.7239394671981945,1
3.0853929456827505,76.06445000801398,7.5746817520492105,0
6.81541707114906,82.33515175862948,3.7560121671839655,0
13.330753418324505,81.30430110952821,4.1785152952321045,1
3.077609623500347,,8.708668953978552,0
11.314727362820372,50.01161210192517,4.052949764288144,1
7.534128911247308,65.83176030773245,6.406363907586328,0
11.934648284279634,48.55564864491453,6.475886799971628,1
2.7318725410002056,93.4058221110285,5.937746772301469,0
15.94458889843802,60.75264764427145,6.8684714914609115,1
17.57582350683835,49.267584833399425,4.37896035478571,1
17.502045684571065,41.526865594345054,6.3159736066604895,1
,78.74934317718905,5.233039531481383,1
4.0813798420901115,78.21413904728459,6.970003557775135,0
500.0,85.49579175574135,5.04362499948775,1
17.21142890255866,-99.0,3.430271333085906,1
13.711903068982481,41.327413091739835,5.457773369371392,1
11.578535747152586,59.41661314897247,4.867304970380362,1
4.496298247078984,69.31859142427994,7.062723838410056,0
4.495912325379242,86.22444506846759,6.634675496716142,0
2.9293377946911914,80.9977225963903,5.18756236918524,0
15.858818332398963,66.7541623826049,4.30735532552994,1
11.61784018789134,56.41759997689995,8.92821579693355,1
13.329161244736728,99.82747000946267,5.724009727176689,1
2.329351908732839,65.57087813415838,7.1296454146814225,0
17.518557634591907,67.08322145978053,3.8433178054701647,1
15.319082252806748,49.81742927150015,5.913538197956386,1
5.3974257708524185,87.68857292499575,3.165220319216793,0
4.90919947531361,81.62093354688932,6.0327307074627,0
4.934472157654941,53.24617676732562,8.784104442706214,0
6.867875887352604,44.94286273695056,5.305240277914802,0
10.396102906115805,80.82995812448279,3.2339760754494695,1
8.911120298273852,79.27067285686812,3.1857347455160614,0
6.659666243168671,56.395571619892564,5.327920559681217,0
11.789646315558072,97.05181373502462,3.9601496187791643,1
4.231901770432669,49.06347350685401,3.1401125779691155,0
6.6743143765634905,65.94008806255611,7.537281683701061,0
7.861789492699067,96.61695521005593,5.751138053291344,1
9.297119747472575,65.18363901556734,4.735468631835927,1
14.562815382288218,78.31155685984513,8.400499098098884,1
5.194780514533756,63.855663877767654,3.6968337612031537,0
10.227751014617786,56.452912140920205,8.735512973731915,1
11.47863310179268,99.0386588775897,4.883800304264117,1
2.7432066035199636,64.56004037890258,8.330422033852088,0
11.720717630423014,93.64595222074806,6.617657258876769,1
4.7283859789966645,53.79727635346517,7.9602441584489245,0
3.0408254877644723,52.786282241505,8.904078979262785,0
17.18216859605333,41.86804497307068,4.730432626912474,1
17.45011252919295,79.10000952255311,8.766812912445559,2
14.934357569863378,62.11158062342567,5.336891369414522,1
6.873820306773931,91.86149499037822,5.313071428421534,1
3.562753824102142,68.39259440149343,5.042322625527034,0
12.94772842419451,98.09160567488331,6.248445644085511,1
9.04243989983362,51.13153094218727,3.9248702590709224,0
3.952611757516461,92.11739007733664,6.322268912148067,0
9.922830561780323,86.59581116750451,6.250228874460024,1
2.5502163378434943,86.25531067864313,7.57141087562922,0
16.54912643326051,90.68699368701326,8.001899771625514,2
6.140479705600271,85.66143945657993,5.642648101874544,0
12.600356549663712,77.57321929788492,4.813999496108963,1
6.987377217430575,47.87469266094325,4.556009383902567,0
10.321088338844973,41.95157076947511,4.167743020229231,0
10.747364469492474,95.2508708689412,3.3458854931941495,1
4.957671288408433,76.99901887124429,5.05468787300828,0
17.513354044232937,87.79223745857058,4.6214861527846995,2
14.402125173777833,68.891341090753,8.798504315198445,1
17.031983065027028,47.038491337743665,6.346252957500264,1
16.317237606842383,47.511147532153025,5.083662234183045,1
11.566399660977362,81.13391723373829,6.4828056059621755,1
16.74998776036987,65.81835369396777,3.8351802080741733,1
3.415880032830712,52.0314836020202,5.664262495213217,0
5.135725798706323,69.49567280448622,6.757405928526383,0
2.723636622568609,43.85253622450804,5.933386990754708,0
7.2052852922122295,74.91828411486392,5.410672803925945,0
8.218836635031712,56.13960426610586,8.963090333398188,1
6.341584508382335,87.85354603823129,8.281888572893562,1
15.25980014643087,58.621717535414426,6.74043574895664,1
7.7080532270974285,67.31320894490807,6.416264167093697,1
6.494952154998092,40.697232394486036,6.723962878947504,0
10.683137330531975,44.34681326767353,4.207872646934599,0
4.254787599596202,63.549613384401084,5.370826459585912,0
14.835151692064635,68.79633008302741,3.236757197345396,1
3.192810298876333,76.00123288715822,5.85327622492096,0
17.790190985608277,57.499754722558194,6.258147503745979,1
14.355916308746519,81.69891316759255,4.366498416619257,1
5.1794509045467585,91.60734383135227,8.784173082993082,1
2.0883538739776384,86.791059333601,8.456727665623452,0
15.047382855277347,42.37712952090143,7.332859412735435,1
13.309717501561874,68.83041683546973,6.2003197725921755,1
13.664114688655797,46.29581070509049,8.21981495788611,1
14.340325546975132,54.522700951751645,3.7839140629407773,1
3.1847144277454458,99.19975559602878,7.74305876564931,0
7.735451656708362,48.5497325740908,3.74892488380109,0
3.8539049524020754,69.93328920708137,7.765263975296433,0
15.809654814009496,77.08934405908715,4.654605409508141,1
11.972770029240927,82.14789823264624,8.262543486109134,1
7.294368397642387,73.57892100921484,8.664252562952388,1
3.016933604576378,40.58625084515102,3.892775816430694,0
6.975717147450595,59.58767849463951,5.7760536303923615,0
7.202933152427953,71.06269860308268,8.885924268976112,1
13.673698853409025,45.27198994869,5.90044461583888,1
12.20091954168341,61.037615872550845,8.181285135087272,1
16.195403881221225,41.99218652748199,6.5323891327879196,1
9.555438802591189,44.71470982930124,5.251979447517611,0
3.9135079350128272,63.815396572095764,4.714701333155221,0
13.41191659556792,47.96294524258362,4.219338546516523,1
14.172560777870359,74.05245089569348,7.570789148266183,1
10.98043516111194,81.36789814823595,5.319243040938167,1
14.335474879272976,88.03520194654497,6.067652773204507,1
9.900729541830252,52.009014654688606,5.953952880007091,1
10.363725270111905,50.04895493554419,6.463674175398787,1
8.840656293736794,46.274070420064014,8.193462873747313,1
2.406706027905523,78.1858149726182,8.884436061500576,0
3.726262831892871,82.38854358921407,5.445505251442902,0
